Title,Genre,Release Year,IMDb Rating 
Inception,Sci-Fi,2010,8.8
Interstellar,Sci-Fi,2014,8.7
Oppenheimer,Drama,2023,8.6
Dangal,Sports Drama,2016,8.3
3 Idiots,Comedy Drama,2009,8.4
Jawan,Action,2023,
Pathaan,Action,2023,5.8
RRR,Action Drama,2022,7.8
KGF Chapter 2,Action,2022,8.2
Kantara,Action Drama,2022,8.5
Animal,Crime Drama,2023,6.1
12th Fail,Drama,2023,8.7
Drishyam 2,Crime Thriller,2022,8.2
Barbie,Comedy,2023,
The Batman,Action,2022,7.5
Dune: Part Two,Sci-Fi,2024,8.5
Top Gun: Maverick,Action,2022,
Avatar: The Way of Water,Sci-Fi,2022,7.5
Joker,Crime Drama,2019,
Parasite,Thriller,2019,8.5
