OrderID,CustomerName,Cuisine,OrderDate,DeliveryTime,Revenue
O001,Rahul,Indian,1/5/2026,35,450
O002,Priya,Chinese,1/6/2026,42,620
O003,Amit,Italian,1/7/2026,55,750
O004,Neha,Indian,1/8/2026,65,520
O005,Riya,Mexican,1/9/2026,28,380
O006,Karan,Chinese,1/10/2026,72,810
O007,Meena,Italian,1/11/2026,45,670
O008,Arjun,Indian,1/12/2026,38,490
O009,Pooja,Mexican,1/13/2026,61,550
O010,Jay,Chinese,1/14/2026,32,590
O011,Simran,Italian,1/15/2026,70,900
O012,Dev,Indian,1/16/2026,40,480
O013,Anjali,Chinese,1/17/2026,50,
O014,Rohit,Mexican,1/18/2026,25,420
O015,Nisha,Italian,1/19/2026,48,710
O016,Manish,Indian,1/20/2026,75,560
O017,Kavita,Chinese,1/21/2026,36,630
O018,Yash,Mexican,1/22/2026,62,
O019,Sneha,Italian,1/23/2026,44,680
O020,Akash,Indian,1/24/2026,30,460
O021,Divya,Chinese,1/25/2026,58,720
O022,Varun,Mexican,1/26/2026,67,510
O023,Isha,Italian,1/27/2026,39,
O024,Mohit,Indian,1/28/2026,-5,500
