OrderID,CustomerID,RestaurantID,Cuisine,OrderDate,DeliveryTime,Rating,Revenue,Outlier Flag
O001,C101,R001,Indian,1/7/2026,28,5,450,No
O002,C102,R002,Pizza,1/7/2026,35,4,620,No
O003,C103,R003,Chinese,2/7/2026,42,3,780,No
O004,C104,R001,Indian,2/7/2026,25,5,520,No
O005,C105,R004,Burger,3/7/2026,55,2,850,No
O006,C106,R005,Mexican,3/7/2026,35,4,410,No
O007,C107,R002,Pizza,4/7/2026,38,4,690,No
O008,C108,R003,Chinese,4/7/2026,29,5,550,No
O009,C109,R004,Burger,5/7/2026,47,3,720,No
O010,C110,R005,Mexican,5/7/2026,75,4,480,Yes
O011,C111,R001,Indian,6/7/2026,27,5,610,No
O012,C112,R002,Pizza,6/7/2026,40,3,760,No
O013,C113,R003,Chinese,7/7/2026,36,4,580,No
O014,C114,R004,Burger,7/7/2026,52,2,900,No
O015,C115,R005,Mexican,8/7/2026,30,5,430,No
O016,C116,R001,Indian,8/7/2026,70,5,500,Yes
O017,C117,R002,Pizza,9/7/2026,45,3,710,No
O018,C118,R003,Chinese,9/7/2026,34,4,640,No
O019,C119,R004,Burger,10/7/2026,39,4,820,No
O020,C120,R005,Mexican,10/7/2026,26,5,460,No
